{"cameraMode":{"drawMode":0,"name":"Shaded","section":"Shading Mode"},"sceneLighting":true,"audioPlay":false,"sceneViewState":{"showFog":true,"showMaterialUpdate":false,"showSkybox":true,"showFlares":true,"showImageEffects":true,"showParticleSystems":true},"in2DMode":false,"pivot":{"x":-6.82441520690918,"y":6.2870049476623539,"z":16.295284271240236},"rotation":{"x":-0.04980061948299408,"y":0.6379654407501221,"z":-0.04140425845980644,"w":-0.7673370242118836},"size":10.0,"orthographic":false}