{"cameraMode":{"drawMode":0,"name":"Shaded","section":"Shading Mode"},"sceneLighting":true,"audioPlay":false,"sceneViewState":{"showFog":true,"showMaterialUpdate":false,"showSkybox":true,"showFlares":true,"showImageEffects":true,"showParticleSystems":true},"in2DMode":false,"pivot":{"x":10.880691528320313,"y":0.7037292122840881,"z":49.906166076660159},"rotation":{"x":0.004479515831917524,"y":-0.09555674344301224,"z":-0.00042993135866709054,"w":-0.995414137840271},"size":0.8649312853813171,"orthographic":true}