{"cameraMode":{"drawMode":0,"name":"Shaded","section":"Shading Mode"},"sceneLighting":true,"audioPlay":false,"sceneViewState":{"showFog":true,"showMaterialUpdate":false,"showSkybox":true,"showFlares":true,"showImageEffects":true,"showParticleSystems":true},"in2DMode":false,"pivot":{"x":95.76160430908203,"y":241.6687469482422,"z":-19.247329711914064},"rotation":{"x":-0.0033090999349951746,"y":-0.017401831224560739,"z":0.00005761558350059204,"w":-0.9998433589935303},"size":103.05204010009766,"orthographic":false}